id,type,category,title,body,active
BT001,ビジネス豆知識,個人情報,印刷物管理,個人情報を含む印刷物は、出力後すぐに回収すると、置き忘れによる漏えいを防げます。,true
BT002,ビジネス豆知識,業務・品質,ムダの発見,待ち時間や探す時間に注目すると、業務改善のヒントが見つかります。,true
BT003,ビジネス豆知識,リスク管理,BCP,事業継続には、人・情報・設備・取引先の観点で備えを考えることが重要です。,true
BT004,ビジネス豆知識,メンタルヘルス,休息,休息は生産性を下げるものではなく、安定したパフォーマンスのために必要です。,true
BT005,ビジネス豆知識,会計・数字,予実管理,予算と実績の差を確認すると、改善の打ち手を考えやすくなります。,true
BT006,ビジネス豆知識,チームワーク,相互理解,互いの役割や制約を理解すると、協力しやすい関係を作れます。,true
BT007,ビジネス豆知識,顧客・取引,課題の深掘り,顧客の要望の背景を聞くと、本質的な課題に近づきやすくなります。,true
BT008,ビジネス豆知識,コンプライアンス,社会的信頼,コンプライアンスは法令だけでなく、社内規程や社会的な期待を守ることも含みます。,true
BT009,ビジネス豆知識,労務,有給休暇,有給休暇は計画的に取得すると、業務調整と健康管理の両立につながります。,true
BT010,ビジネス豆知識,マネジメント,意思決定,意思決定では、選んだ理由と選ばなかった理由を残すと後で振り返りやすくなります。,true
BT011,ビジネス豆知識,コミュニケーション,確認1,確認のタイミングを早めると、関係者の認識をそろえやすくなります。日々の業務でも意識したい視点です。,true
BT012,ビジネス豆知識,業務・品質,整理,情報を整理すると、次に取るべき行動が見えやすくなります。場面に応じて使い分けることが大切です。,true
BT013,ビジネス豆知識,業務・品質,途中確認,長い作業ほど途中確認を入れると、方向違いを早めに修正できます。,true
BT014,ビジネス豆知識,思考法,問いの設定,よい問いを立てると、集める情報と考える方向が明確になります。,true
BT015,ビジネス豆知識,顧客・取引,信頼の積み重ね,小さな約束を守ることが、長期的な顧客信頼につながります。,true
BT016,ビジネス豆知識,時間管理,準備,準備に時間をかけることは、実行時の判断をスムーズにするための重要な投資です。状況に応じて、どこまで準備するかを見極めることが大切です。,true
BT017,ビジネス豆知識,労務,打刻管理,出退勤や休憩の記録を正確に残すことは、労働時間管理の基本です。,true
BT018,ビジネス豆知識,資料作成,根拠提示,主張には根拠となるデータや事実を添えると、説得力が高まります。,true
BT019,ビジネス豆知識,顧客・取引,市場変化,市場の変化を観察すると、次の打ち手を早めに考えられます。,true
BT020,ビジネス豆知識,リスク管理,代替手段,重要業務には、担当者不在時の代替手段を用意しておくと安心です。,true
BT021,ビジネス豆知識,文書・メール,誤字確認,誤字脱字の確認は、資料の印象と信頼性を守る小さな品質管理です。,true
BT022,ビジネス豆知識,IT・DX,ログの価値,システムのログは、問題発生時の原因確認に役立つ重要な記録です。,true
BT023,ビジネス豆知識,コミュニケーション,確認,確認のタイミングを早めると、関係者の認識をそろえやすくなります。場面に応じて使い分けることが大切です。,true
BT024,ビジネス豆知識,顧客対応,約束管理,顧客との約束は、期限と内容を記録すると、信頼関係を維持しやすくなります。,true
BT025,ビジネス豆知識,コンプライアンス,内部通報,問題に気づいたときは、一人で抱え込まず、相談窓口や上位者に共有することが重要です。,true
BT026,ビジネス豆知識,情報セキュリティ,画面ロック,短時間の離席でも画面ロックを行うと、情報漏えいのリスクを下げられます。,true
BT027,ビジネス豆知識,コミュニケーション,期待値調整,相手の期待値を早めに確認すると、納品後のギャップを減らせます。,true
BT028,ビジネス豆知識,業務改善,見える化,業務の進捗や課題を見える化すると、早めの対応がしやすくなります。,true
BT029,ビジネス豆知識,会計・数字,単価意識,単価を意識すると、売上や利益の構造を理解しやすくなります。,true
BT030,ビジネス豆知識,安全衛生,転倒防止,床の濡れやケーブルの乱れを整えることは、身近な事故防止につながります。,true
BT031,ビジネス豆知識,会計・数字,数字の粒度,数字は目的に合った粒度で見ると、判断しやすくなります。,true
BT032,ビジネス豆知識,思考法,仮説思考,仮説を持って動くと、確認すべき情報が明確になります。,true
BT033,ビジネス豆知識,思考法,視点変更,視点を変えると、同じ問題でも別の解決策が見つかることがあります。場面に応じて使い分けることが大切です。,true
BT034,ビジネス豆知識,品質管理,品質,品質は製品やサービスだけでなく、手続きや情報の正確さにも関係します。,true
BT035,ビジネス豆知識,IT・DX,データの鮮度,データは出所と更新日を確認すると、判断材料として使いやすくなります。,true
BT036,ビジネス豆知識,文書・メール,表の使い方,比較や一覧は文章より表にすると、違いを把握しやすくなります。,true
BT037,ビジネス豆知識,コミュニケーション,感情と事実,感情と事実を分けると、冷静な対話につながりやすくなります。,true
BT038,ビジネス豆知識,コミュニケーション,依頼の基本,依頼は目的・期限・成果物を明確にすると、手戻りを減らせます。,true
BT039,ビジネス豆知識,メンタルヘルス,セルフケア,セルフケアでは、睡眠・休養・運動など基本的な生活習慣が大切です。,true
BT040,ビジネス豆知識,労務,労働条件,雇用形態にかかわらず、労働条件は明確に確認することが重要です。,true
BT041,ビジネス豆知識,文書・メール,文章の削減,情報を削ることも、伝わる資料を作るための重要な工夫です。,true
BT042,ビジネス豆知識,リスク管理,共有,不安材料を早めに共有すると、対応の選択肢を増やせます。場面に応じて使い分けることが大切です。,true
BT043,ビジネス豆知識,文書・メール,結論と補足,結論と補足を分けると、文章の読みやすさが高まります。,true
BT044,ビジネス豆知識,品質管理,ダブルチェック,重要な資料は、第三者確認やチェックリストを使うと見落としを減らせます。,true
BT045,ビジネス豆知識,リスク管理,再発防止の視点,再発防止では、人ではなく仕組みに目を向けると改善が進みやすくなります。,true
BT046,ビジネス豆知識,時間管理,集中環境,集中したいときは、通知や周囲の刺激を減らす工夫が有効です。,true
BT047,ビジネス豆知識,キャリア・健康,睡眠,十分な睡眠は、判断力や集中力を支える基本です。,true
BT048,ビジネス豆知識,労務,勤怠管理,勤怠は、労働時間を正確に把握するための重要な記録です。,true
BT049,ビジネス豆知識,品質管理,顧客満足,顧客満足は、期待値と実際の提供価値の差で左右されます。,true
BT050,ビジネス豆知識,マネジメント,任せ方,仕事を任せるときは、目的・範囲・相談基準をそろえることが重要です。,true
BT051,ビジネス豆知識,品質管理,原因分析,問題の原因を考えるときは、なぜ起きたかを段階的に確認すると整理しやすくなります。,true
BT052,ビジネス豆知識,経営,理念,経営理念は、日々の判断に方向性を与える基準として機能します。,true
BT053,ビジネス豆知識,コミュニケーション,確認質問,分からない点を早めに確認すると、後工程の手戻りを防ぎやすくなります。,true
BT054,ビジネス豆知識,情報セキュリティ,クラウド共有,クラウド共有では、閲覧権限と共有範囲を必要最小限にすることが大切です。,true
BT055,ビジネス豆知識,法務・コンプライアンス,規程確認,社内規程は、迷ったときの判断基準として活用できます。,true
BT056,ビジネス豆知識,時間管理,集中時間,集中が必要な仕事は、通知を減らしてまとまった時間を確保すると効率が上がります。,true
BT057,ビジネス豆知識,時間管理,完了定義,作業の完了条件を決めておくと、品質と進捗を判断しやすくなります。,true
BT058,ビジネス豆知識,コミュニケーション,相手視点,相手が何を知りたいかを先に考えると、説明の順番を組み立てやすくなります。,true
BT059,ビジネス豆知識,コミュニケーション,質問力,よい質問は、問題の所在を明確にし、次の行動を決めやすくします。,true
BT060,ビジネス豆知識,業務・品質,品質の入口,品質は最後の確認だけでなく、作業開始時の条件確認から始まります。,true
BT061,ビジネス豆知識,チームワーク,協力,協力しやすい状態を作ることも、成果を出すための大切な仕事です。場面に応じて使い分けることが大切です。,true
BT062,ビジネス豆知識,情報セキュリティ,端末管理,業務端末は紛失・盗難を想定して管理すると、情報資産を守りやすくなります。,true
BT063,ビジネス豆知識,法務,印紙確認,契約書は種類や金額によって印紙の要否が変わるため、事前確認が大切です。,true
BT064,ビジネス豆知識,リスク管理,影響範囲,リスクを考えるときは、誰にどのような影響があるかを見ることが重要です。,true
BT065,ビジネス豆知識,業務・品質,改善提案,改善提案は、問題点だけでなく期待効果を添えると伝わりやすくなります。,true
BT066,ビジネス豆知識,安全衛生,PC作業,長時間のPC作業では、姿勢と休憩を意識すると疲労や不調を防ぎやすくなります。,true
BT067,ビジネス豆知識,コミュニケーション,相手の時間,相手の時間を意識すると、要点を整理した伝え方につながります。,true
BT068,ビジネス豆知識,個人情報,保存場所,個人情報を含む資料は、定められた保存場所で管理することが大切です。,true
BT069,ビジネス豆知識,会計・数字,粗利,粗利を見ると、売上だけでは分からない収益性を把握しやすくなります。,true
BT070,ビジネス豆知識,チームワーク,相談の整理,相談するときは、状況・試したこと・相談したい点を整理すると、支援を受けやすくなります。,true
BT071,ビジネス豆知識,取引先対応,納期影響,納期に影響が出そうな場合は、早めの共有が調整余地を広げます。,true
BT072,ビジネス豆知識,取引先対応,不当要求,過度な要求を受けたときは、一人で判断せず相談することがリスク低減につながります。,true
BT073,ビジネス豆知識,思考法,意思決定の質,意思決定は、情報量だけでなく判断基準の明確さでも質が変わります。,true
BT074,ビジネス豆知識,コミュニケーション,言葉の選び方,同じ内容でも、相手に配慮した言葉を選ぶと受け止められ方が変わります。,true
BT075,ビジネス豆知識,マーケティング,顧客体験,顧客体験は、購入前・利用中・利用後のすべてで評価されます。,true
BT076,ビジネス豆知識,リスク管理,説明責任,説明責任を意識すると、日々の判断を丁寧に残す習慣が身につきます。,true
BT077,ビジネス豆知識,個人情報,必要最小限,個人情報は、利用目的に必要な範囲で取り扱うことが基本です。,true
BT078,ビジネス豆知識,IT・DX,保存場所,重要なファイルは定められた場所に保存すると、検索性と引き継ぎやすさが高まります。,true
BT079,ビジネス豆知識,文書・メール,レビュー依頼,資料レビューを依頼するときは、見てほしい観点を伝えると効果的です。,true
BT080,ビジネス豆知識,時間管理,朝の整理,始業時に今日の優先事項を確認すると、一日の迷いを減らせます。,true
BT081,ビジネス豆知識,コミュニケーション,相談の目的,相談では、判断してほしいのか助言がほしいのかを明確にすると話が進みやすくなります。,true
BT082,ビジネス豆知識,キャリア・健康,弱みの補完,弱みはなくすだけでなく、仕組みや周囲の協力で補うこともできます。,true
BT083,ビジネス豆知識,リスク管理,共有,不安材料を早めに共有すると、対応の選択肢を増やせます。場面に応じて使い分けることが大切です。,true
BT084,ビジネス豆知識,業務改善,完成イメージ,作業前に目的と完成イメージを確認すると、手戻りを減らしやすくなります。,true
BT085,ビジネス豆知識,チームワーク,感謝,感謝や承認の言葉は、チームの協力関係を強める小さな行動です。,true
BT086,ビジネス豆知識,時間管理,一日の締め,終業前に翌日の準備をしておくと、次の日をスムーズに始められます。,true
BT087,ビジネス豆知識,マネジメント,目標の分解,大きな目標は小さな行動に分解すると、実行しやすくなります。,true
BT088,ビジネス豆知識,IT・DX,システム化,システム化は、現状業務の目的と流れを整理してから進めると効果が出やすくなります。,true
BT089,ビジネス豆知識,文書・メール,件名,メールの件名は、用件と期限が分かるようにすると対応漏れを防げます。,true
BT090,ビジネス豆知識,業務・品質,整理,情報を整理すると、次に取るべき行動が見えやすくなります。場面に応じて使い分けることが大切です。,true
BT091,ビジネス豆知識,キャリア,強み,強みは得意なことだけでなく、周囲に価値を提供できる行動から見つかります。,true
BT092,ビジネス豆知識,キャリア・健康,感情の扱い,感情を自覚すると、冷静な判断を保ちやすくなります。,true
BT093,ビジネス豆知識,顧客対応,事実と推測,顧客対応では、事実と推測を分けて確認すると、回答の正確性が高まります。,true
BT094,ビジネス豆知識,文書・メール,メール冒頭,メール冒頭で用件を示すと、読み手が対応内容を把握しやすくなります。,true
BT095,ビジネス豆知識,法務・コンプライアンス,相談文化,疑問を相談できる文化は、コンプライアンスリスクの低減につながります。,true
BT096,ビジネス豆知識,顧客対応,要望共有,顧客からの重要な要望は、早めに関係者へ共有すると対応の質が上がります。,true
BT097,ビジネス豆知識,IT・DX,AI活用,生成AIを使うときは、入力情報の機密性と出力内容の確認が重要です。,true
BT098,ビジネス豆知識,時間管理,見積り,作業時間は少し余裕を持って見積もると、急な変更にも対応しやすくなります。,true
BT099,ビジネス豆知識,時間管理,準備,準備に時間を使うことは、実行時の迷いを減らす投資になります。場面に応じて使い分けることが大切です。,true
BT100,ビジネス豆知識,リスク管理,代替案,一つの方法に依存しすぎないことは、業務継続の安心につながります。,true
BT101,ビジネス豆知識,法務・コンプライアンス,承認の意味,承認は形式ではなく、責任と判断を明確にするための仕組みです。,true
BT102,ビジネス豆知識,文書・メール,図解,複雑な流れは図にすると、関係者間の理解がそろいやすくなります。,true
BT103,ビジネス豆知識,コミュニケーション,共通認識,打ち合わせの最後に認識を合わせると、次の行動が明確になります。,true
BT104,ビジネス豆知識,文書・メール,メール締め,メールの最後に依頼事項や期限を明記すると、対応漏れを防ぎやすくなります。,true
BT105,ビジネス豆知識,時間管理,締切逆算,締切から逆算して中間期限を置くと、余裕を持って進めやすくなります。,true
BT106,ビジネス豆知識,業務・品質,業務の目的,作業の目的を確認すると、本当に必要な手順を見直しやすくなります。,true
BT107,ビジネス豆知識,顧客・取引,顧客接点,顧客との接点は、商品やサービスの改善ヒントを得る機会になります。,true
BT108,ビジネス豆知識,品質管理,手戻り削減,手戻りを減らすには、最初の確認と途中共有が重要です。,true
BT109,ビジネス豆知識,顧客・取引,価格以外の価値,価格以外の価値を伝えると、顧客に選ばれる理由を作りやすくなります。,true
BT110,ビジネス豆知識,リスク管理,記録,トラブル対応では、日時・相手・内容・対応を記録することが重要です。,true
BT111,ビジネス豆知識,マネジメント,目的共有,マネジメントには、作業の指示だけでなく目的の共有が重要です。,true
BT112,ビジネス豆知識,コミュニケーション,結論先行,説明は結論から始めると、相手が全体像をつかみやすくなります。,true
BT113,ビジネス豆知識,業務改善,不要作業,慣例で続けている作業は、目的を確認すると改善のきっかけを見つけやすくなります。,true
BT114,ビジネス豆知識,キャリア・健康,変化への準備,変化に備えるには、今の仕事で得られる学びを意識することが大切です。,true
BT115,ビジネス豆知識,会計・数字,数字の意味,数字の背景を考えると、単なる集計から改善のヒントが見つかります。,true
BT116,ビジネス豆知識,時間管理,区切り,作業に区切りを作ると、進捗を実感しやすくなります。,true
BT117,ビジネス豆知識,自己管理,集中力管理,体調や集中力の変化に気づくことは、安定した成果を出すための自己管理につながります。,true
BT118,ビジネス豆知識,チームワーク,協力,協力しやすい状態を作ることも、成果を出すための大切な仕事です。場面に応じて使い分けることが大切です。,true
BT119,ビジネス豆知識,会計,請求書確認,請求書は宛名・金額・支払期日を確認すると、支払トラブルを防ぎやすくなります。,true
BT120,ビジネス豆知識,会計・数字,キャッシュ,利益が出ていても資金繰りが厳しくなることがあるため、現金の動きも重要です。,true
BT121,ビジネス豆知識,法務・コンプライアンス,記録文化,判断の記録は、後から説明責任を果たすための材料になります。,true
BT122,ビジネス豆知識,チームワーク,協力5,協力しやすい状態を作ることも、成果を出すための大切な仕事です。日々の業務でも意識したい視点です。,true
BT123,ビジネス豆知識,マネジメント,育成,育成には、経験の機会と振り返りの場をセットで用意することが効果的です。,true
BT124,ビジネス豆知識,安全衛生,避難経路,消火器や避難経路の場所を把握しておくと、緊急時に落ち着いて行動しやすくなります。,true
BT125,ビジネス豆知識,文書・メール,見出し設計,見出しを先に作ると、文章全体の構成を整理しやすくなります。,true
BT126,ビジネス豆知識,思考法,優先順位の基準,優先順位は、重要度・緊急度・影響度の観点で整理すると考えやすくなります。,true
BT127,ビジネス豆知識,ハラスメント防止,指導の焦点,指導では人格ではなく行動や事実に焦点を当てると、改善につながりやすくなります。,true
BT128,ビジネス豆知識,キャリア,振り返り,経験を成長につなげるには、何を学んだかを言語化することが有効です。,true
BT129,ビジネス豆知識,リスク管理,例外対応,例外対応は、理由と承認を明確にすると、後から説明しやすくなります。,true
BT130,ビジネス豆知識,コミュニケーション,言い換え確認,相手の話を自分の言葉で言い換えると、理解のズレに気づきやすくなります。,true
BT131,ビジネス豆知識,チームワーク,心理的安全性,心理的安全性は、遠慮なく意見や疑問を出せる環境づくりに関係します。,true
BT132,ビジネス豆知識,リスク管理,透明性,判断の透明性を高めると、関係者の納得を得やすくなります。,true
BT133,ビジネス豆知識,思考法,視点変更,視点を変えると、同じ問題でも別の解決策が見つかることがあります。場面に応じて使い分けることが大切です。,true
BT134,ビジネス豆知識,時間管理,準備,準備に時間を使うことは、実行時の迷いを減らす投資になります。場面に応じて使い分けることが大切です。,true
BT135,ビジネス豆知識,文書・メール,余白の効果,資料に余白を持たせると、重要な情報が目に入りやすくなります。,true
BT136,ビジネス豆知識,時間管理,優先順位の見直し,状況が変わったら優先順位を見直すことも、成果を出すために重要です。,true
BT137,ビジネス豆知識,IT・DX,デジタル習慣,日々の小さなデジタル活用が、業務効率化の土台になります。,true
BT138,ビジネス豆知識,コミュニケーション,期待の確認,期待されている成果を確認すると、仕事の方向性を合わせやすくなります。,true
BT139,ビジネス豆知識,IT・DX,アクセス最小化,必要な人だけが情報にアクセスできる状態は、セキュリティの基本です。,true
BT140,ビジネス豆知識,会計・数字,投資対効果,新しい施策は、費用だけでなく期待される効果と比較して考えることが大切です。,true
BT141,ビジネス豆知識,個人情報,アクセス権,個人情報へのアクセス権は、業務上必要な人に限定することが重要です。,true
BT142,ビジネス豆知識,IT・DX,データ品質,データの正確性は、判断の質に直結します。,true
BT143,ビジネス豆知識,IT・DX,入力確認,システム入力は確定前に内容を確認すると、後工程の修正を減らせます。,true
BT144,ビジネス豆知識,マネジメント,管理職の視点,管理職には、担当業務だけでなく組織全体への影響を見る視点が求められます。,true
BT145,ビジネス豆知識,法務・コンプライアンス,例外の管理,例外対応は、標準対応よりも理由と承認を丁寧に残すことが大切です。,true
BT146,ビジネス豆知識,IT・DX,情報の分類,情報は重要度に応じて扱い方を変えると、管理しやすくなります。,true
BT147,ビジネス豆知識,マネジメント,フィードバック,フィードバックは、事実に基づき具体的に伝えると、改善行動につながりやすくなります。,true
BT148,ビジネス豆知識,マネジメント,期待役割,役割への期待を言語化すると、メンバーが動きやすくなります。,true
BT149,ビジネス豆知識,キャリア・健康,フィードバック活用,フィードバックは、自分では気づきにくい改善点を知る機会になります。,true
BT150,ビジネス豆知識,マネジメント,評価の納得感,評価は基準と事実をそろえることで、納得感を高めやすくなります。,true
BT151,ビジネス豆知識,顧客・取引,クレームの価値,クレームには、期待とのズレや改善点が含まれていることがあります。,true
BT152,ビジネス豆知識,顧客・取引,フォロー,提案後のフォローは、相手の検討を進めるための大切な接点です。,true
BT153,ビジネス豆知識,キャリア・健康,学び直し,学び直しは、変化の大きい環境で価値を発揮し続ける支えになります。,true
BT154,ビジネス豆知識,チームワーク,共有,チームでは、途中経過の共有が早いほど軌道修正しやすくなります。,true
BT155,ビジネス豆知識,文書・メール,ファイル名,ファイル名に日付や内容を入れると、検索と共有がしやすくなります。,true
BT156,ビジネス豆知識,マネジメント,1on1,定期的な対話は、業務課題だけでなく成長や不安の把握にも役立ちます。,true
BT157,ビジネス豆知識,チームワーク,未完了事項,引き継ぎでは、未完了事項と注意点を明確にすると、後任者が対応しやすくなります。,true
BT158,ビジネス豆知識,キャリア・健康,健康と成果,健康は個人の問題だけでなく、仕事の品質や継続性にも関係します。,true
BT159,ビジネス豆知識,マネジメント,育成の視点,育成では、答えを与えるだけでなく考える機会を作ることも大切です。,true
BT160,ビジネス豆知識,時間管理,準備,準備に時間を使うことは、実行時の迷いを減らす投資になります。場面に応じて使い分けることが大切です。,true
BT161,ビジネス豆知識,コミュニケーション,事実と意見,事実と意見を分けて伝えると、判断の精度が高まります。,true
BT162,ビジネス豆知識,業務・品質,小さな実験,小さく試してから広げると、改善の失敗リスクを抑えられます。,true
BT163,ビジネス豆知識,コミュニケーション,確認,確認のタイミングを早めると、関係者の認識をそろえやすくなります。場面に応じて使い分けることが大切です。,true
BT164,ビジネス豆知識,自己管理,予定確認,一日の始めに予定と期限を確認すると、優先順位をつけやすくなります。,true
BT165,ビジネス豆知識,業務・品質,標準と例外,標準作業と例外対応を分けると、改善すべき点を把握しやすくなります。,true
BT166,ビジネス豆知識,経営,収益モデル,収益モデルを理解すると、どの活動が利益につながるか見えやすくなります。,true
BT167,ビジネス豆知識,営業,見積,見積では、前提条件と範囲を明確にすると後の認識違いを防げます。,true
BT168,ビジネス豆知識,業務・品質,引き継ぎ品質,引き継ぎでは、作業内容だけでなく注意点と判断基準を残すと効果的です。,true
BT169,ビジネス豆知識,顧客対応,問い合わせ初動,問い合わせには早めに受領を伝えると、相手の不安を軽減しやすくなります。,true
BT170,ビジネス豆知識,会計,原価意識,原価を意識すると、価格設定や利益改善の視点が持ちやすくなります。,true
BT171,ビジネス豆知識,キャリア・健康,学びの記録,学んだことを記録すると、後から自分の成長を確認しやすくなります。,true
BT172,ビジネス豆知識,業務・品質,チェックリスト,チェックリストは、経験に頼りすぎない品質確保に役立ちます。,true
BT173,ビジネス豆知識,時間管理,完璧主義,最初から完璧を目指しすぎないことが、早い改善につながる場合があります。,true
BT174,ビジネス豆知識,顧客・取引,顧客分類,顧客を状況や目的で整理すると、適切な提案を考えやすくなります。,true
BT175,ビジネス豆知識,リスク管理,緊急時対応,緊急時は、完璧な情報を待つより初動の共有が重要な場合があります。,true
BT176,ビジネス豆知識,コミュニケーション,確認,確認のタイミングを早めると、関係者の認識をそろえやすくなります。場面に応じて使い分けることが大切です。,true
BT177,ビジネス豆知識,個人情報,持ち出し,個人情報を社外へ持ち出す場合は、必要性と管理方法を事前に確認しましょう。,true
BT178,ビジネス豆知識,文書・メール,宛先確認,メール送信前は、宛先・CC・添付ファイルを確認する習慣が重要です。,true
BT179,ビジネス豆知識,マネジメント,優先順位共有,チームの優先順位を共有すると、個々の判断がそろいやすくなります。,true
BT180,ビジネス豆知識,時間管理,準備,準備に時間を使うことは、実行時の迷いを減らす投資になります。場面に応じて使い分けることが大切です。,true
BT181,ビジネス豆知識,IT・DX,システム移行,システム変更では、現場の業務フローも一緒に見直すことが重要です。,true
BT182,ビジネス豆知識,リスク管理,共有,不安材料を早めに共有すると、対応の選択肢を増やせます。場面に応じて使い分けることが大切です。,true
BT183,ビジネス豆知識,情報セキュリティ,公共Wi-Fi,外出先の通信では、ネットワークの安全性を意識すると、情報漏えいリスクを下げられます。,true
BT184,ビジネス豆知識,情報セキュリティ,パスワード,パスワードは使い回さず、推測されにくいものを設定することが基本です。,true
BT185,ビジネス豆知識,リスク管理,リスクの兆候,小さな違和感に気づくことが、大きな問題の予防につながります。,true
BT186,ビジネス豆知識,時間管理,集中の波,自分が集中しやすい時間帯を知ると、重要な仕事を配置しやすくなります。,true
BT187,ビジネス豆知識,リスク管理,倫理観,倫理的な判断は、法令遵守だけでなく信頼を守るためにも重要です。,true
BT188,ビジネス豆知識,マーケティング,市場分析,市場を見るときは、顧客・競合・自社の3つの視点が役立ちます。,true
BT189,ビジネス豆知識,文書・メール,一文一義,一つの文に一つの意味を意識すると、文章が読みやすくなります。,true
BT190,ビジネス豆知識,資料作成,要点整理,長い資料は最初に要点を示すと、読み手が判断しやすくなります。,true
BT191,ビジネス豆知識,コミュニケーション,聞く姿勢,相手の話を最後まで聞く姿勢は、信頼関係を築く基本になります。,true
BT192,ビジネス豆知識,IT・DX,データ活用,データは集めるだけでなく、意思決定に使える形に整理することが大切です。,true
BT193,ビジネス豆知識,メンタルヘルス,相談,不調や不安を感じたときは、早めに相談することで深刻化を防ぎやすくなります。,true
BT194,ビジネス豆知識,顧客・取引,期待値管理,できることとできないことを明確にすると、信頼を損ないにくくなります。,true
BT195,ビジネス豆知識,時間管理,振り返り,一日の終わりに翌日の重要タスクを確認すると、始業時の迷いを減らせます。,true
BT196,ビジネス豆知識,品質管理,版管理,ファイルの版数や更新日を明確にすると、古い情報の利用を防ぎやすくなります。,true
BT197,ビジネス豆知識,マネジメント,影響範囲,判断に迷う案件は、基準と影響範囲を整理すると、意思決定しやすくなります。,true
BT198,ビジネス豆知識,時間管理,小分け作業,大きな仕事は小さな単位に分けると、着手しやすくなります。,true
BT199,ビジネス豆知識,マーケティング,顧客ニーズ,顧客ニーズは、表面的な要望だけでなく背景にある課題を見ることが大切です。,true
BT200,ビジネス豆知識,マネジメント,役割分担,役割分担を明確にすると、責任範囲と相談先が分かりやすくなります。,true
BT201,ビジネス豆知識,マネジメント,チームの学習,チームで振り返る時間を持つと、個人の経験を組織の知恵に変えられます。,true
BT202,ビジネス豆知識,キャリア,学習習慣,毎日少しずつ学ぶ習慣は、長期的な成長につながります。,true
BT203,ビジネス豆知識,法務・コンプライアンス,社外発信,社外に出す情報は、公開してよい内容かを確認する視点が必要です。,true
BT204,ビジネス豆知識,会計,経費精算,経費精算では、目的・日付・金額・証憑を正しく残すことが基本です。,true
BT205,ビジネス豆知識,法務,最新版管理,契約書や規程は、最新版かどうかを確認してから使用することが大切です。,true
BT206,ビジネス豆知識,顧客・取引,信頼維持,信頼は、日々の小さな対応の積み重ねで築かれます。,true
BT207,ビジネス豆知識,業務・品質,原因と対策,原因に合った対策を考えることで、再発防止の効果が高まります。,true
BT208,ビジネス豆知識,時間管理,中断対策,中断が多い仕事では、再開時のメモを残すと復帰しやすくなります。,true
BT209,ビジネス豆知識,キャリア,変化対応,環境変化に対応するには、新しい知識を取り入れる姿勢が重要です。,true
BT210,ビジネス豆知識,品質管理,固有名詞確認,資料提出前に数字・日付・固有名詞を確認すると、信頼性を高められます。,true
BT211,ビジネス豆知識,会議,時間管理,会議では終了時刻と議題の優先順位を意識すると、時間の質を高められます。,true
BT212,ビジネス豆知識,リスク管理,共有6,不安材料を早めに共有すると、対応の選択肢を増やせます。日々の業務でも意識したい視点です。,true
BT213,ビジネス豆知識,キャリア・健康,経験の棚卸し,経験を棚卸しすると、自分の強みや課題が見えやすくなります。,true
BT214,ビジネス豆知識,キャリア・健康,ストレスサイン,自分のストレスサインを知ると、早めに対処しやすくなります。,true
BT215,ビジネス豆知識,キャリア・健康,相談する力,早めに相談する力は、問題解決だけでなく周囲との協力にもつながります。,true
BT216,ビジネス豆知識,マネジメント,役割の重なり,役割が重なる部分を確認すると、抜け漏れと衝突を防ぎやすくなります。,true
BT217,ビジネス豆知識,法務・コンプライアンス,契約範囲,契約では、何を含み何を含まないかを明確にすることが重要です。,true
BT218,ビジネス豆知識,キャリア・健康,習慣化,小さな行動を続けることが、大きな成果につながることがあります。,true
BT219,ビジネス豆知識,業務・品質,属人化リスク,属人化を減らすには、判断基準や背景も共有することが役立ちます。,true
BT220,ビジネス豆知識,リスク管理,初動対応,トラブルの初動では、事実確認と関係者共有を早めることが大切です。,true
BT221,ビジネス豆知識,IT・DX,多要素認証,多要素認証は、パスワード漏えい時の被害を抑える有効な仕組みです。,true
BT222,ビジネス豆知識,思考法,比較思考,選択肢を比較すると、判断の理由を説明しやすくなります。,true
BT223,ビジネス豆知識,時間管理,段取り,着手前に必要情報・関係者・期限を確認すると、作業の停滞を防げます。,true
BT224,ビジネス豆知識,リスク管理,影響範囲確認,問題が起きたときは影響範囲を早めに確認すると、対応の優先順位を決めやすくなります。,true
BT225,ビジネス豆知識,営業,クレーム初動,クレーム対応では、まず事実確認と相手の不安の受け止めが重要です。,true
BT226,ビジネス豆知識,文書・メール,記録の価値,業務上の判断は、後から確認できる形で記録に残すと再現性が高まります。,true
BT227,ビジネス豆知識,情報セキュリティ,不審メール,不審なメールは、リンクや添付を開く前に送信元と文面を確認しましょう。,true
BT228,ビジネス豆知識,マネジメント,権限と責任,権限と責任をそろえると、判断のスピードと納得感が高まります。,true
BT229,ビジネス豆知識,キャリア・健康,強みの活用,強みを活かせる場面を増やすと、成果とやりがいにつながりやすくなります。,true
BT230,ビジネス豆知識,業務・品質,見える化の効果,進捗や課題を見える化すると、チーム全体で支援しやすくなります。,true
BT231,ビジネス豆知識,マネジメント,心理的安全性,意見を出しやすい環境は、問題の早期発見と改善につながります。,true
BT232,ビジネス豆知識,業務改善,5S,整理・整頓・清掃・清潔・しつけは、ミス防止や安全にもつながります。,true
BT233,ビジネス豆知識,労務,休憩時間,休憩時間は、実際に業務から離れていることが大切です。,true
BT234,ビジネス豆知識,業務・品質,ミスの共有,ミスを共有する文化は、同じ失敗を減らす組織学習につながります。,true
BT235,ビジネス豆知識,思考法,視点変更,視点を変えると、同じ問題でも別の解決策が見つかることがあります。場面に応じて使い分けることが大切です。,true
BT236,ビジネス豆知識,コンプライアンス,利益相反,個人の利害と会社の判断が重なる場面では、早めに相談することが大切です。,true
BT237,ビジネス豆知識,会議,事前共有,会議資料を事前に共有すると、当日の議論を深めやすくなります。,true
BT238,ビジネス豆知識,思考法,構造化,複雑な問題は、要素に分けると整理しやすくなります。,true
BT239,ビジネス豆知識,マネジメント,権限委譲,権限委譲では、任せる範囲と相談基準を明確にすることが大切です。,true
BT240,ビジネス豆知識,業務・品質,手順の更新,手順書は作って終わりではなく、実態に合わせて更新することが重要です。,true
BT241,ビジネス豆知識,会計・数字,変動費,変動費を理解すると、売上増減が利益に与える影響を見やすくなります。,true
BT242,ビジネス豆知識,時間管理,余裕時間,予定に余白を入れると、急な依頼にも対応しやすくなります。,true
BT243,ビジネス豆知識,会計・数字,数値比較,数字は単独ではなく、過去・計画・他部門と比較すると意味が見えやすくなります。,true
BT244,ビジネス豆知識,コミュニケーション,要約力,長い情報は一言で要約できると、相手の理解と判断を助けられます。,true
BT245,ビジネス豆知識,メンタルヘルス,境界線,仕事と休息の境界を意識すると、疲労の蓄積を防ぎやすくなります。,true
BT246,ビジネス豆知識,会計,予算管理,予算は使い切るためではなく、計画と実績の差を確認するためにも使います。,true
BT247,ビジネス豆知識,リスク管理,早期共有,リスクは小さいうちに共有すると、影響を抑えやすくなります。,true
BT248,ビジネス豆知識,キャリア,自己管理,体調・時間・感情の管理は、安定して成果を出すための土台です。,true
BT249,ビジネス豆知識,労務,安全衛生,安全衛生は、事故を防ぐだけでなく、働きやすい環境づくりにも関係します。,true
BT250,ビジネス豆知識,文書・メール,更新履歴,資料の更新履歴を残すと、変更内容を後から確認しやすくなります。,true
BT251,ビジネス豆知識,業務改善,再発防止,再発防止では、個人の注意だけでなく仕組みの改善を考えることが重要です。,true
BT252,ビジネス豆知識,顧客・取引,顧客体験,顧客体験は、商品そのものだけでなく対応の一つひとつで形成されます。,true
BT253,ビジネス豆知識,コンプライアンス,接待贈答,接待や贈答は、社内規程と社会通念の範囲内で行うことが基本です。,true
BT254,ビジネス豆知識,マーケティング,差別化,差別化は、価格だけでなく品質・体験・信頼でも実現できます。,true
BT255,ビジネス豆知識,時間管理,期限管理,期限が近いタスクは、進捗と残作業を分けて確認すると対応漏れを防げます。,true
BT256,ビジネス豆知識,マネジメント,評価,評価では、結果だけでなく行動やプロセスの確認も重要です。,true
BT257,ビジネス豆知識,思考法,全体最適,自分の担当だけでなく全体最適を考えると、組織への貢献が高まります。,true
BT258,ビジネス豆知識,会計・数字,損益分岐点,損益分岐点は、どの程度の売上で利益が出るかを考える目安になります。,true
BT259,ビジネス豆知識,時間管理,依頼のタイミング,相手に依頼する仕事は、早めに渡すほど調整の余地が広がります。,true
BT260,ビジネス豆知識,IT・DX,匿名化,分析では、個人が特定されない形に加工する視点が役立ちます。,true
BT261,ビジネス豆知識,個人情報,誤送信対策,個人情報を送る前には、宛先・添付・本文の三点確認が有効です。,true
BT262,ビジネス豆知識,業務改善,小さな改善,小さな改善を継続すると、業務全体の効率と品質が高まります。,true
BT263,ビジネス豆知識,チームワーク,協力,協力しやすい状態を作ることも、成果を出すための大切な仕事です。場面に応じて使い分けることが大切です。,true
BT264,ビジネス豆知識,思考法,視点変更4,視点を変えると、同じ問題でも別の解決策が見つかることがあります。日々の業務でも意識したい視点です。,true
BT265,ビジネス豆知識,会計,固定費,固定費は売上に関係なく発生するため、収益管理で重要な要素です。,true
BT266,ビジネス豆知識,IT・DX,端末更新,端末やソフトウェアを更新することは、脆弱性対策につながります。,true
BT267,ビジネス豆知識,顧客・取引,商談準備,商談前に相手の状況を調べると、会話の質を高めやすくなります。,true
BT268,ビジネス豆知識,IT・DX,入力ルール,入力ルールをそろえると、後から集計や検索がしやすくなります。,true
BT269,ビジネス豆知識,業務・品質,整理,情報を整理すると、次に取るべき行動が見えやすくなります。場面に応じて使い分けることが大切です。,true
BT270,ビジネス豆知識,品質管理,チェック,チェックは作業後だけでなく、作業前の条件確認にも効果があります。,true
BT271,ビジネス豆知識,コミュニケーション,確認,確認のタイミングを早めると、関係者の認識をそろえやすくなります。場面に応じて使い分けることが大切です。,true
BT272,ビジネス豆知識,思考法,視点変更,視点を変えると、同じ問題でも別の解決策が見つかることがあります。場面に応じて使い分けることが大切です。,true
BT273,ビジネス豆知識,法務・コンプライアンス,秘密情報,秘密情報は、相手・場所・方法を意識して扱う必要があります。,true
BT274,ビジネス豆知識,会計・数字,証憑管理,証憑を整理しておくことは、後日の確認と説明のしやすさにつながります。,true
BT275,ビジネス豆知識,顧客・取引,提案の根拠,提案には、効果や根拠を添えると納得感が高まります。,true
BT276,ビジネス豆知識,顧客・取引,ニーズと言葉,顧客が使う言葉を理解すると、伝わる提案に近づきます。,true
BT277,ビジネス豆知識,IT・DX,権限見直し,不要になったシステム権限を見直すことは、情報管理の安全性向上につながります。,true
BT278,ビジネス豆知識,時間管理,優先順位,仕事は重要度と期限の両方で整理すると、優先順位を決めやすくなります。,true
BT279,ビジネス豆知識,文書・メール,数字の根拠,数字を示すときは出所を添えると、説明の信頼性が高まります。,true
BT280,ビジネス豆知識,マネジメント,支援確認,進捗確認では、遅れだけでなく支援が必要かを確認すると、チームの成果につながります。,true
BT281,ビジネス豆知識,個人情報,不要データ,不要になった個人情報は、ルールに沿って削除・廃棄すると、管理リスクを減らせます。,true
BT282,ビジネス豆知識,法務・コンプライアンス,公平な判断,公平な判断は、関係者からの信頼を守る基盤になります。,true
BT283,ビジネス豆知識,営業,顧客理解,営業では、商品説明の前に顧客の課題を理解することが重要です。,true
BT284,ビジネス豆知識,チームワーク,協力,協力しやすい状態を作ることも、成果を出すための大切な仕事です。場面に応じて使い分けることが大切です。,true
BT285,ビジネス豆知識,コミュニケーション,前提共有,話し合いでは前提条件をそろえることで、議論のすれ違いを減らせます。,true
BT286,ビジネス豆知識,IT・DX,データ持ち出し,データを持ち出すときは、必要性と保護方法をセットで考えることが大切です。,true
BT287,ビジネス豆知識,文書・メール,説明資料,説明資料は、結論・理由・根拠の順に整理すると理解されやすくなります。,true
BT288,ビジネス豆知識,思考法,視点変更,視点を変えると、同じ問題でも別の解決策が見つかることがあります。場面に応じて使い分けることが大切です。,true
BT289,ビジネス豆知識,チームワーク,引き継ぎ,引き継ぎでは、作業手順だけでなく判断の背景も残すと役立ちます。,true
BT290,ビジネス豆知識,リスク管理,判断基準,迷ったときの判断基準を事前に決めておくと、対応のばらつきを減らせます。,true
BT291,ビジネス豆知識,リスク管理,緊急連絡,緊急時の連絡先や手順を確認しておくと、初動対応を早められます。,true
BT292,ビジネス豆知識,時間管理,タスク棚卸し,抱えているタスクを見える化すると、抜け漏れに気づきやすくなります。,true
BT293,ビジネス豆知識,法務・コンプライアンス,権限の確認,権限を確認してから進めることは、組織としてのリスク管理につながります。,true
BT294,ビジネス豆知識,営業,顧客対応,顧客対応では、スピードと正確さの両方が信頼につながります。,true
BT295,ビジネス豆知識,業務改善,標準化,よく行う作業は標準化すると、品質のばらつきと属人化を減らせます。,true
BT296,ビジネス豆知識,会計,売上と利益,売上が増えても、費用が増えれば利益が減ることがあります。,true
BT297,ビジネス豆知識,取引先対応,依頼明確化,取引先への依頼は、期限と必要情報を明確にすると、認識違いを防げます。,true
BT298,ビジネス豆知識,マネジメント,変化の伝え方,変化を伝えるときは、背景と目的を説明すると受け入れられやすくなります。,true
BT299,ビジネス豆知識,思考法,逆算思考,ゴールから逆算すると、今やるべきことが見えやすくなります。,true
BT300,ビジネス豆知識,業務・品質,整理3,情報を整理すると、次に取るべき行動が見えやすくなります。日々の業務でも意識したい視点です。,true
BT301,ビジネス豆知識,キャリア・健康,キャリア自律,自分のキャリアを考えることは、日々の学びや挑戦を選ぶ基準になります。,true
BT302,ビジネス豆知識,経営,上場会社,上場会社には、透明性や適時適切な情報管理が強く求められます。,true
BT303,ビジネス豆知識,業務・品質,整理,情報を整理すると、次に取るべき行動が見えやすくなります。場面に応じて使い分けることが大切です。,true
BT304,ビジネス豆知識,取引先対応,公平性,取引先対応では、公平性と透明性を意識することが信頼の土台になります。,true
BT305,ビジネス豆知識,業務・品質,整理,情報を整理すると、次に取るべき行動が見えやすくなります。場面に応じて使い分けることが大切です。,true
BT306,ビジネス豆知識,文書・メール,読み手設計,資料は読み手の知識量に合わせると、伝わりやすさが高まります。,true
BT307,ビジネス豆知識,キャリア・健康,振り返り習慣,定期的な振り返りは、経験を次の行動に変えるために役立ちます。,true
BT308,ビジネス豆知識,時間管理,着手の早さ,早めに着手すると、不明点やリスクを早期に見つけやすくなります。,true
BT309,ビジネス豆知識,業務・品質,改善の継続,改善は一度で終わらせず、試して見直すことで効果が高まります。,true
BT310,ビジネス豆知識,業務改善,属人化防止,特定の人しか分からない業務は、共有や手順化を進めることで継続性が高まります。,true
BT311,ビジネス豆知識,資料作成,表記統一,日付・単位・用語の表記をそろえると、資料の読みやすさと信頼性が高まります。,true
BT312,ビジネス豆知識,情報セキュリティ,添付ファイル,添付ファイルは送信先・内容・ファイル名を確認してから送信することが重要です。,true
BT313,ビジネス豆知識,ハラスメント防止,職場環境,安心して意見を言える職場環境は、問題の早期発見とチームの改善につながります。,true
BT314,ビジネス豆知識,コミュニケーション,確認の一言,認識違いを防ぐには、最後に『理解に相違がないか』を確認することが有効です。,true
BT315,ビジネス豆知識,マネジメント,会議設計,会議は情報共有・議論・意思決定のどれを目的にするかで設計が変わります。,true
BT316,ビジネス豆知識,コミュニケーション,報連相,報告は事実・影響・次の対応を分けると、受け手が判断しやすくなります。,true
BT317,ビジネス豆知識,思考法,目的思考,目的から考えると、手段にとらわれず選択肢を広げられます。,true
BT318,ビジネス豆知識,コンプライアンス,SNS発信,SNSでは、個人アカウントでも会社情報や関係者情報の扱いに注意が必要です。,true
BT319,ビジネス豆知識,コミュニケーション,端的な共有,短く整理された共有は、忙しい相手にも伝わりやすくなります。,true
BT320,ビジネス豆知識,IT・DX,自動化,自動化は、頻度が高くルール化しやすい作業から検討すると進めやすくなります。,true
BT321,ビジネス豆知識,会計,単位と期間,資料の数字は、単位と対象期間を明確にすると、誤解の少ない説明になります。,true
BT322,ビジネス豆知識,文書・メール,議事録,議事録は決定事項・未決事項・担当者・期限を残すことが重要です。,true
BT323,ビジネス豆知識,時間管理,準備2,準備に時間を使うことは、実行時の迷いを減らす投資になります。日々の業務でも意識したい視点です。,true
BT324,ビジネス豆知識,安全衛生,体調共有,体調不良を早めに共有すると、本人の安全と業務継続の両方を守りやすくなります。,true
BT325,ビジネス豆知識,文書・メール,全員返信,全員返信は、共有が必要な相手を見極めて使うと、情報過多や誤共有を防げます。,true
BT326,ビジネス豆知識,顧客・取引,競合理解,競合を知ることは、自社の強みと改善点を見つける手がかりになります。,true
BT327,ビジネス豆知識,法務・コンプライアンス,早期相談,法務やコンプライアンスの不安は、早めに相談するほど選択肢が広がります。,true
BT328,ビジネス豆知識,業務・品質,作業前確認,作業前の確認は、作業後の修正コストを減らす効果があります。,true
BT329,ビジネス豆知識,思考法,制約条件,制約を把握すると、現実的な打ち手を考えやすくなります。,true
BT330,ビジネス豆知識,IT・DX,個人情報の目的,個人情報は利用目的を意識して扱うことで、適正な管理につながります。,true
BT331,ビジネス豆知識,労務,残業申請,時間外労働は、事前申請と承認の流れを守ることで、適正な労務管理につながります。,true
BT332,ビジネス豆知識,法務,口頭合意,口頭で決まった内容も、後でメール等で確認しておくと認識違いを防げます。,true
BT333,ビジネス豆知識,コミュニケーション,沈黙の活用,すぐに答えを出さず考える時間を取ることも、質の高い対話につながります。,true
BT334,ビジネス豆知識,法務,権限確認,契約や発注に関わる判断は、社内の権限ルールに沿って進める必要があります。,true
BT335,ビジネス豆知識,ハラスメント防止,業務上の境界,業務上必要な範囲を意識することは、適切な距離感と信頼関係の維持につながります。,true
BT336,ビジネス豆知識,法務,契約確認,契約書では、金額・納期・責任範囲・解除条件を確認することが基本です。,true
BT337,ビジネス豆知識,IT・DX,バックアップ,バックアップは、障害や誤操作から業務を守るための備えです。,true
BT338,ビジネス豆知識,メンタルヘルス,ストレス要因,ストレスは仕事量だけでなく、人間関係や役割の曖昧さからも生じます。,true
BT339,ビジネス豆知識,リスク管理,持続可能性,持続可能な働き方は、短期成果だけでなく長期的な安定にもつながります。,true
BT340,ビジネス豆知識,法務,取引条件,取引条件は、例外対応ほど記録を残しておくと後日の確認が容易になります。,true
BT341,ビジネス豆知識,IT・DX,クラウド権限,クラウドの権限は便利さだけでなく、共有範囲の確認が重要です。,true
BT342,ビジネス豆知識,IT・DX,クラウド,クラウド利用では、利便性とアクセス管理の両方を考える必要があります。,true
BT343,ビジネス豆知識,営業,提案,提案は、相手の課題と自社の提供価値を結びつけることで伝わりやすくなります。,true
BT344,ビジネス豆知識,安全衛生,通路確保,通路や非常口をふさがない環境づくりは、日常的な安全確保の基本です。,true
BT345,ビジネス豆知識,顧客・取引,顧客の成功,顧客の成功を考えると、単なる対応ではなく価値提供の視点を持ちやすくなります。,true
BT346,ビジネス豆知識,労務,勤務予定共有,勤務予定やシフトの変更は、早めに共有すると業務調整がしやすくなります。,true
BT347,ビジネス豆知識,経営,KPI,KPIは、目標達成に向けた重要な指標です。数を増やしすぎないことも大切です。,true
BT348,ビジネス豆知識,マーケティング,ブランド,ブランドは、継続した体験と信頼の積み重ねで形成されます。,true
BT349,ビジネス豆知識,資料作成,対象者意識,資料は、誰が何を判断するためのものかを意識すると、内容を絞り込みやすくなります。,true
BT350,ビジネス豆知識,コミュニケーション,背景説明,依頼の背景を伝えると、相手が目的に合った判断をしやすくなります。,true
BT351,ビジネス豆知識,情報セキュリティ,情報共有,情報共有では、必要な相手に必要な範囲で伝えることが基本です。,true
BT352,ビジネス豆知識,ハラスメント防止,相談先,違和感を覚えたときに相談先を知っていると、問題の早期対応につながります。,true
BT353,ビジネス豆知識,コミュニケーション,確認,確認のタイミングを早めると、関係者の認識をそろえやすくなります。場面に応じて使い分けることが大切です。,true
BT354,ビジネス豆知識,文書・メール,読みやすさ,長い文章は見出しや箇条書きを使うと、読み手の負担を下げられます。,true
BT355,ビジネス豆知識,ハラスメント防止,配慮ある言動,相手の立場や受け取り方に配慮した言動は、安心して働ける職場づくりにつながります。,true
BT356,ビジネス豆知識,キャリア・健康,体調管理,体調管理は、安定して成果を出すための重要な仕事の一部です。,true
BT357,ビジネス豆知識,文書・メール,冒頭要約,冒頭に要約を置くと、読み手が重要点を早く理解できます。,true
BT358,ビジネス豆知識,リスク管理,未然防止,未然防止の視点を持つと、問題が起きる前に手を打ちやすくなります。,true
BT359,ビジネス豆知識,マネジメント,合意形成,合意形成では、反対意見の背景を理解することが大切です。,true
BT360,ビジネス豆知識,時間管理,作業ログ,作業ログを残すと、時間の使い方を振り返りやすくなります。,true
BT361,ビジネス豆知識,時間管理,先送り防止,短時間でできる作業は早めに処理すると、心理的な負担を減らせます。,true
BT362,ビジネス豆知識,経営,戦略,戦略は、何をするかだけでなく、何をしないかを決めることでもあります。,true
BT363,ビジネス豆知識,IT・DX,生成AI確認,生成AIの出力は、便利な下書きとして使い、最終判断は人が確認することが大切です。,true
BT364,ビジネス豆知識,思考法,因果関係,原因と結果を分けて考えると、対策を誤りにくくなります。,true
BT365,ビジネス豆知識,リスク管理,共有,不安材料を早めに共有すると、対応の選択肢を増やせます。場面に応じて使い分けることが大切です。,true